post_reddit_id,post_reddit_fullname,subreddit,comment_id,comment_fullname,parent_id,author,body,score,created_utc,permalink,depth,comment_rank,sync_timestamp
1tmaez8,t3_1tmaez8,Conservative,onls01m,t1_onls01m,t3_1tmaez8,Mr_Nobody9639,"The fun thing is you could put pretty much any Republican politician in this meme and it would still work.

Did I say fun? I meant depressing...",1,2026-05-24T13:59:19+00:00,/r/Conservative/comments/1tmaez8/john_thune_is_the_only_thing/onls01m/,0,1,2026_05_24-16:18:21
1tmaez8,t3_1tmaez8,Conservative,onlnl4e,t1_onlnl4e,t3_1tmaez8,SupremeChancellor66,Trump has no one to blame but himself. He literally endorsed Thune for senate leadership when everyone was screaming the dude is Mitch McConnell's right hand man.,1,2026-05-24T13:35:15+00:00,/r/Conservative/comments/1tmaez8/john_thune_is_the_only_thing/onlnl4e/,0,2,2026_05_24-16:18:21
1tmaez8,t3_1tmaez8,Conservative,onlcg8a,t1_onlcg8a,t3_1tmaez8,zenethics,"Filibuster is like the one ring. Yes, we're Gandalf and the Democrats are Smeagol but really we should be trying to codify it into the fires of the constitution not take it and wield its power.",1,2026-05-24T12:29:15+00:00,/r/Conservative/comments/1tmaez8/john_thune_is_the_only_thing/onlcg8a/,0,3,2026_05_24-16:18:21
1tmaez8,t3_1tmaez8,Conservative,onldx12,t1_onldx12,t1_onlcg8a,Down-not-out,There are other things he can do.  Keep them in session.  Stop the pro-forma crap to block Trump if you are going to take breaks.,1,2026-05-24T12:38:36+00:00,/r/Conservative/comments/1tmaez8/john_thune_is_the_only_thing/onldx12/,1,4,2026_05_24-16:18:21
1tmaez8,t3_1tmaez8,Conservative,onlf4ob,t1_onlf4ob,t1_onldx12,zenethics,"Whole thing reminds me of Dick Durbin. Just a tiny little power grab to affirm Obama judges, now most of SCOTUS are Trump picks.

Well just a tiny little power grab to pass the SAVE act and in a decade D.C. and Puerto Rico will be states and we'll have universal mail in voting and it'll be illegal to check if anyone is a citizen.",1,2026-05-24T12:46:09+00:00,/r/Conservative/comments/1tmaez8/john_thune_is_the_only_thing/onlf4ob/,2,5,2026_05_24-16:18:21
1tmaez8,t3_1tmaez8,Conservative,onllj6d,t1_onllj6d,t1_onlf4ob,Br_uff,True. I don’t think we should abolish the filibuster. But we should actually make the democrats work for it. Right now Thune just goes “well we can’t break a filibuster so we just won’t try”,1,2026-05-24T13:23:41+00:00,/r/Conservative/comments/1tmaez8/john_thune_is_the_only_thing/onllj6d/,3,6,2026_05_24-16:18:21
1tmaez8,t3_1tmaez8,Conservative,onlqqvc,t1_onlqqvc,t1_onllj6d,zenethics,"Thing is, for years the Democrats have been ignoring the 2A. So I take accusations of ignoring the constitution from them with huge grains of salt to the point that I barely care.

That said, whatever Democrats think we've done to them will be a justification for them to do it back to us, whether or not its true.

There's a reason they call gutting the filibuster the nuclear option. If we're going to engage in MAD, let's let the other side start it. Then if they do, let's split Texas into 5 states, make serial numbers on guns illegal, extreme punishments for illegal migration, etc. Wield power in a way that makes a reversion to the mean impossible. But not as a starting position.",1,2026-05-24T13:52:37+00:00,/r/Conservative/comments/1tmaez8/john_thune_is_the_only_thing/onlqqvc/,4,7,2026_05_24-16:18:21
1tmaez8,t3_1tmaez8,Conservative,onmd60g,t1_onmd60g,t1_onlqqvc,Nectarine-Fast,"Sorry, but you’re not splitting TX in five states. Do that with your own state, but splitting TX ain’t happening. We might be Americans, but we’re Texans first and foremost. ",1,2026-05-24T15:44:54+00:00,/r/Conservative/comments/1tmaez8/john_thune_is_the_only_thing/onmd60g/,5,8,2026_05_24-16:18:21
1tmaez8,t3_1tmaez8,Conservative,onmhtfo,t1_onmhtfo,t1_onmd60g,zenethics,"Texas is unique in that the articles to join the union granted the state the right to split into 5 more states. No other state has this.

You may change your mind after a few years of feds coming door to door to take all the guns and turn all the boys into girls.",1,2026-05-24T16:06:26+00:00,/r/Conservative/comments/1tmaez8/john_thune_is_the_only_thing/onmhtfo/,6,9,2026_05_24-16:18:21
1tmaez8,t3_1tmaez8,Conservative,onma8hw,t1_onma8hw,t3_1tmaez8,Jerrywelfare,"I'd argue Hakeem Jeffries is more effective than Thune, as he's had virtually zero defections. Thune loses John Fetterman once a week, at least.",1,2026-05-24T15:31:12+00:00,/r/Conservative/comments/1tmaez8/john_thune_is_the_only_thing/onma8hw/,0,10,2026_05_24-16:18:21
1tmaez8,t3_1tmaez8,Conservative,onlavsi,t1_onlavsi,t3_1tmaez8,De-Throned,"From what I understand from a quick look up of John Thune. He is a senator from South Dakota serving since 2005. 

He is also runs as a Republican so I'm not sure what he is doing to keep the Democratic party together.

Edit: looked a bit more into it and Trump recently used him as an example of the GOP being too soft. So that's probably why.",1,2026-05-24T12:19:05+00:00,/r/Conservative/comments/1tmaez8/john_thune_is_the_only_thing/onlavsi/,0,11,2026_05_24-16:18:21
1tmaez8,t3_1tmaez8,Conservative,onlc2y0,t1_onlc2y0,t1_onlavsi,Down-not-out,Thune will not do what it takes to pass the SAVE act.  Some say the SAVE act will be the end of the democrat party as we know it,1,2026-05-24T12:26:51+00:00,/r/Conservative/comments/1tmaez8/john_thune_is_the_only_thing/onlc2y0/,1,12,2026_05_24-16:18:21
1tm6u9e,t3_1tm6u9e,Conservative,onl6ggw,t1_onl6ggw,t3_1tm6u9e,bw2082,I think this clip is being taken out of context.,1,2026-05-24T11:49:02+00:00,/r/Conservative/comments/1tm6u9e/keir_starmer_flying_the_union_jack_or_st_georges/onl6ggw/,0,1,2026_05_24-16:18:21
1tm6u9e,t3_1tm6u9e,Conservative,onl3p85,t1_onl3p85,t3_1tm6u9e,Grouchy_Shallot50,This tweet is a complete lie. This clip is about those involved in the riots in 2024 not flying a flag.,1,2026-05-24T11:28:53+00:00,/r/Conservative/comments/1tm6u9e/keir_starmer_flying_the_union_jack_or_st_georges/onl3p85/,0,2,2026_05_24-16:18:21
1tm6u9e,t3_1tm6u9e,Conservative,onktn3d,t1_onktn3d,t3_1tm6u9e,Ok-Jury-4366,"* Left wing, pro islamic terrorist gets ignored. If you don't believe me you can watch the video of this, you can hit a policewoman in the back with a sledgehammer, breaking her spine, but because it's left wing terrorism favouring the Ummah the jury does not find you guilty.

[https://www.bbc.co.uk/news/articles/c9wxlv99xrjo](https://www.bbc.co.uk/news/articles/c9wxlv99xrjo)



*  R\*pe gangs are ignored in the name of the Ummah.
*  in the UK people drive on electric motorbikes on pavements constantly, usually African migrants runnning Deliveroo and uber eats scams.
* Chavs engage in anti-social behavior in nice areas of hard working people.
* Shoplifting is basically legalised.
* Drug use is effectively decriminalised.
* Burgalries, theft or criminal damage is ignored. Theres been many cases of people locating their stolen items, phoning the police to just go to the door and literally get the item they can see right there, ignored.

But if you put a British Union Jack / England flag up..... Oh boy will Starmer put you straight to jail. Or you make a tweet, jail time. [https://www.bbc.co.uk/news/articles/ce83pj1ggmeo](https://www.bbc.co.uk/news/articles/ce83pj1ggmeo)

The UK and 2 tier Kier is a fucking joke. I'm sick to death of it.",1,2026-05-24T10:07:09+00:00,/r/Conservative/comments/1tm6u9e/keir_starmer_flying_the_union_jack_or_st_georges/onktn3d/,0,3,2026_05_24-16:18:21
1tm6u9e,t3_1tm6u9e,Conservative,onlz02j,t1_onlz02j,t3_1tm6u9e,TheLimeyCanuck,"Nitpick... it's only a Union Jack when flown on a ship, otherwise it's the Union Flag.",1,2026-05-24T14:35:36+00:00,/r/Conservative/comments/1tm6u9e/keir_starmer_flying_the_union_jack_or_st_georges/onlz02j/,0,4,2026_05_24-16:18:21
1tm6u9e,t3_1tm6u9e,Conservative,onl74b8,t1_onl74b8,t3_1tm6u9e,ElydthiaUaDanann,"If that were true, this would be a hell of an irony, considering **the Union Jack is literally behind him.**",1,2026-05-24T11:53:40+00:00,/r/Conservative/comments/1tm6u9e/keir_starmer_flying_the_union_jack_or_st_georges/onl74b8/,0,5,2026_05_24-16:18:21
1tm6u9e,t3_1tm6u9e,Conservative,onksjot,t1_onksjot,t3_1tm6u9e,DCinMS,"Liberal Globalists hate themselves and they hate their own countries and hate having a national identity....all the things that make the world great.

Yet these same morons love the Olympics and World Cup....isn't all of  that all about the fun of national pride for each country? 

Typical nonsense ",1,2026-05-24T09:57:28+00:00,/r/Conservative/comments/1tm6u9e/keir_starmer_flying_the_union_jack_or_st_georges/onksjot/,0,6,2026_05_24-16:18:21
1tm6u9e,t3_1tm6u9e,Conservative,onkr0hg,t1_onkr0hg,t3_1tm6u9e,sub2pewdiepieONyt,"Weird, Does this apply to the Hamas flag, Palestine, Pakistan and ISIS flags? Cos they are being flown in the UK almost as frequently.",1,2026-05-24T09:43:40+00:00,/r/Conservative/comments/1tm6u9e/keir_starmer_flying_the_union_jack_or_st_georges/onkr0hg/,0,7,2026_05_24-16:18:21
1tm6u9e,t3_1tm6u9e,Conservative,onktud6,t1_onktud6,t1_onkr0hg,Ok-Jury-4366,"You can literally break the spine of a police officer with a sledgehammer hitting her with her back to you, in the name of Palestine and not get found guilty. 

[https://www.bbc.co.uk/news/articles/c9wxlv99xrjo](https://www.bbc.co.uk/news/articles/c9wxlv99xrjo)

  
The UK is  clown society.",1,2026-05-24T10:08:55+00:00,/r/Conservative/comments/1tm6u9e/keir_starmer_flying_the_union_jack_or_st_georges/onktud6/,1,8,2026_05_24-16:18:21
1tm6u9e,t3_1tm6u9e,Conservative,onkzh18,t1_onkzh18,t1_onktud6,International-Elk727,I think the one who did the sledge hammer attack is still awaiting her verdict because a jury couldn't come to an agreement 😬... So my understanding is that's it's not just the judges that are lenient but the fucking jurors.. I need to get out of here man.,1,2026-05-24T10:56:26+00:00,/r/Conservative/comments/1tm6u9e/keir_starmer_flying_the_union_jack_or_st_georges/onkzh18/,2,9,2026_05_24-16:18:21
1tm6u9e,t3_1tm6u9e,Conservative,onl1n33,t1_onl1n33,t1_onkzh18,Ok-Jury-4366,"Yep it is the jury but regardless, trying to get justice after having your spine fractured, on camera, is impossible due to the absolute lunacy of the left in the UK. Have a left wing jury in areas like Bristol and it's absolute clown world.",1,2026-05-24T11:13:16+00:00,/r/Conservative/comments/1tm6u9e/keir_starmer_flying_the_union_jack_or_st_georges/onl1n33/,3,10,2026_05_24-16:18:21
1tm6u9e,t3_1tm6u9e,Conservative,onlb4js,t1_onlb4js,t1_onl1n33,Aviator07,Out of curiosity why Bristol in particular? What is notable about it?,1,2026-05-24T12:20:40+00:00,/r/Conservative/comments/1tm6u9e/keir_starmer_flying_the_union_jack_or_st_georges/onlb4js/,4,11,2026_05_24-16:18:21
1tm6u9e,t3_1tm6u9e,Conservative,onlnk3g,t1_onlnk3g,t1_onlb4js,Ok-Jury-4366,"Loads of left wing , upper middle class champagne socialist types. Wealthy and out of touch with reality and the rest of the country. ",1,2026-05-24T13:35:06+00:00,/r/Conservative/comments/1tm6u9e/keir_starmer_flying_the_union_jack_or_st_georges/onlnk3g/,5,12,2026_05_24-16:18:21
1tm6u9e,t3_1tm6u9e,Conservative,onlxfzt,t1_onlxfzt,t1_onlnk3g,Aviator07,That’s interesting. I spent a couple of days there back in about 2011 or so to visit friends. I enjoyed walking around the downs. I wasn’t there long enough to really get a complete sense of the place though. ,1,2026-05-24T14:27:40+00:00,/r/Conservative/comments/1tm6u9e/keir_starmer_flying_the_union_jack_or_st_georges/onlxfzt/,6,13,2026_05_24-16:18:21
1tm6u9e,t3_1tm6u9e,Conservative,onm04a6,t1_onm04a6,t1_onlxfzt,Ok-Jury-4366,"Very nice city in parts don't get me wrong, but politically it's a joke. The way I could perhaps relate it to this subreddit is you have California etc - they have dumb policies which don't work and keep voting for this ridiculous shit. Beautiful places, brain dead politics because their main concern isn't whether or not it works, but so they can seem virtous, kind and generous over a pint of IPA in the local micro-brewery .",1,2026-05-24T14:41:18+00:00,/r/Conservative/comments/1tm6u9e/keir_starmer_flying_the_union_jack_or_st_georges/onm04a6/,7,14,2026_05_24-16:18:21
1tm6u9e,t3_1tm6u9e,Conservative,onm8sh9,t1_onm8sh9,t1_onlb4js,sub2pewdiepieONyt,"Cos thats where the ""filton 7"" that they referenced occurred and continuously let people off for mass crimes look at 420 events, Illegal raves during covid and colston statue distruction. Crimes only apply to the non woke. ",1,2026-05-24T15:24:21+00:00,/r/Conservative/comments/1tm6u9e/keir_starmer_flying_the_union_jack_or_st_georges/onm8sh9/,5,15,2026_05_24-16:18:21
1tm6u9e,t3_1tm6u9e,Conservative,onl1xsm,t1_onl1xsm,t1_onkzh18,sub2pewdiepieONyt,To be fair they did just lose the retrial but went for jury nullification defence again but surprisingly for far left bristol it didn't come off a second time maybe the attacking the police lady at an airport would be a more fitting criticism of the uk system.,1,2026-05-24T11:15:31+00:00,/r/Conservative/comments/1tm6u9e/keir_starmer_flying_the_union_jack_or_st_georges/onl1xsm/,3,16,2026_05_24-16:18:21
1tm6u9e,t3_1tm6u9e,Conservative,onkvv77,t1_onkvv77,t1_onkr0hg,Ashamed-Character98,Yes palistine flags are similarely illegal and people have been arrested for them in UK,1,2026-05-24T10:26:40+00:00,/r/Conservative/comments/1tm6u9e/keir_starmer_flying_the_union_jack_or_st_georges/onkvv77/,1,17,2026_05_24-16:18:21
1tm6u9e,t3_1tm6u9e,Conservative,onl33uj,t1_onl33uj,t3_1tm6u9e,acreekofsoap,Y’all gave up your guns (and knives) and now you have to listen to this globalist shill. ,1,2026-05-24T11:24:27+00:00,/r/Conservative/comments/1tm6u9e/keir_starmer_flying_the_union_jack_or_st_georges/onl33uj/,0,18,2026_05_24-16:18:21
1tm6u9e,t3_1tm6u9e,Conservative,onm3vbo,t1_onm3vbo,t3_1tm6u9e,Key-Monk6159,The UK is beyond lost. The next election is their very last hope but if that fails then RIP. ,1,2026-05-24T15:00:17+00:00,/r/Conservative/comments/1tm6u9e/keir_starmer_flying_the_union_jack_or_st_georges/onm3vbo/,0,19,2026_05_24-16:18:21
1tm6u9e,t3_1tm6u9e,Conservative,onl9ibd,t1_onl9ibd,t3_1tm6u9e,SuchDogeHodler,That's right out of the comunist manifesto.,1,2026-05-24T12:09:58+00:00,/r/Conservative/comments/1tm6u9e/keir_starmer_flying_the_union_jack_or_st_georges/onl9ibd/,0,20,2026_05_24-16:18:21
1tm6u9e,t3_1tm6u9e,Conservative,onlbsyq,t1_onlbsyq,t3_1tm6u9e,ITrCool,"How to quickly get voted out as PM, 101. Ban your own country’s flag. ",1,2026-05-24T12:25:05+00:00,/r/Conservative/comments/1tm6u9e/keir_starmer_flying_the_union_jack_or_st_georges/onlbsyq/,0,21,2026_05_24-16:18:21
1tmairt,t3_1tmairt,Conservative,onm3qdk,t1_onm3qdk,t3_1tmairt,KevtheKnife,Not gonna happen….but the Dems will spend the next 10 years prosecuting the Trump family and persecuting his voters.,1,2026-05-24T14:59:35+00:00,/r/Conservative/comments/1tmairt/democrat_crimes_need_to_be_prosecuted_pronto/onm3qdk/,0,1,2026_05_24-16:18:21
1tmairt,t3_1tmairt,Conservative,onmbhcw,t1_onmbhcw,t3_1tmairt,Ok-Introduction-1940,"The DNC is an organised crime syndicate with corrupt tentacles everywhere necessary to impede prosecution of its mafia bosses a loyal apparatchiks. 

This will take a long rime to unravel.",1,2026-05-24T15:37:02+00:00,/r/Conservative/comments/1tmairt/democrat_crimes_need_to_be_prosecuted_pronto/onmbhcw/,0,2,2026_05_24-16:18:21
1tm8832,t3_1tm8832,Conservative,onlohri,t1_onlohri,t3_1tm8832,Key-Monk6159,Anyone else beyond bored of this endless BS?,1,2026-05-24T13:40:14+00:00,/r/Conservative/comments/1tm8832/iran_says_they_have_not_agreed_to_hand_over/onlohri/,0,1,2026_05_24-16:18:21
1tm8832,t3_1tm8832,Conservative,onlozwp,t1_onlozwp,t1_onlohri,randomrandom1922,"Yes, these fools are begging to be bombed again.",1,2026-05-24T13:43:01+00:00,/r/Conservative/comments/1tm8832/iran_says_they_have_not_agreed_to_hand_over/onlozwp/,1,2,2026_05_24-16:18:21
1tm8832,t3_1tm8832,Conservative,onlk2j9,t1_onlk2j9,t1_onlbklc,Lithuim,Predicting a duplicitous Iranian regime is easier than predicting the sunrise.,1,2026-05-24T13:15:20+00:00,/r/Conservative/comments/1tm8832/iran_says_they_have_not_agreed_to_hand_over/onlk2j9/,1,3,2026_05_24-16:18:21
1tm8832,t3_1tm8832,Conservative,onlr3fa,t1_onlr3fa,t3_1tm8832,mr-nicktobi,Rubio and Hegseth are right. Finish the job,1,2026-05-24T13:54:28+00:00,/r/Conservative/comments/1tm8832/iran_says_they_have_not_agreed_to_hand_over/onlr3fa/,0,4,2026_05_24-16:18:21
1tm8832,t3_1tm8832,Conservative,onm1ttu,t1_onm1ttu,t3_1tm8832,Several-Parsnip-1620,I can’t imagine any deal we sign with Iran will be worth the paper it’s written on. They’ll break terms the second they think Trump cant intervene or will simply wait for democrats to have power again. ,1,2026-05-24T14:49:58+00:00,/r/Conservative/comments/1tm8832/iran_says_they_have_not_agreed_to_hand_over/onm1ttu/,0,5,2026_05_24-16:18:21
1tm8832,t3_1tm8832,Conservative,onlnui2,t1_onlnui2,t3_1tm8832,g_dude3469,"Alright that's totally fine, time to start turning all their infrastructure into parking lots. No more bullshitting around ""deals"", bring them to their knees.",1,2026-05-24T13:36:42+00:00,/r/Conservative/comments/1tm8832/iran_says_they_have_not_agreed_to_hand_over/onlnui2/,0,6,2026_05_24-16:18:21
1tm8832,t3_1tm8832,Conservative,onm22wj,t1_onm22wj,t3_1tm8832,BlueFalconer,I have zero faith in negotiations with Iran. Every Iranian who has ever held the title of clerk or above is vying for power. Whatever is “negotiated” will be immediately contradicted by whatever faction is in front of the camera that day. ,1,2026-05-24T14:51:14+00:00,/r/Conservative/comments/1tm8832/iran_says_they_have_not_agreed_to_hand_over/onm22wj/,0,7,2026_05_24-16:18:21
1tm8832,t3_1tm8832,Conservative,onlrxa1,t1_onlrxa1,t3_1tm8832,JTuck333,"Shouldn’t their plan be to hand it over to end the war. Then, when the U.S. elects a Democrat, they will just get it back with anything else they desire. Ben “Hamas” Rhodes and Hasan Piker would 100% push this. ",1,2026-05-24T13:58:55+00:00,/r/Conservative/comments/1tm8832/iran_says_they_have_not_agreed_to_hand_over/onlrxa1/,0,8,2026_05_24-16:18:21
1tm8832,t3_1tm8832,Conservative,onm5nwv,t1_onm5nwv,t3_1tm8832,MrsKiwi66,"Trey Yingst just posted this on X: 

**Iranian President Masoud Pezeshkian: ""We are ready to assure the world that we are not seeking nuclear weapons. We are not seeking instability in the region.""**

[https://x.com/TreyYingst/status/2058521655685648882?s=20](https://x.com/TreyYingst/status/2058521655685648882?s=20)",1,2026-05-24T15:09:13+00:00,/r/Conservative/comments/1tm8832/iran_says_they_have_not_agreed_to_hand_over/onm5nwv/,0,9,2026_05_24-16:18:21
1tmaw08,t3_1tmaw08,Conservative,onll13t,t1_onll13t,t3_1tmaw08,BlueFalconer,Who could have ever thought that soft on crime policies could lead to this? Just to make sure they should keep voting blue for their entire existence. Maybe the “In this house….” signs in their windows will protect them. ,1,2026-05-24T13:20:49+00:00,/r/Conservative/comments/1tmaw08/seattle_aurora_avenue_neighbors_revolt_blocking/onll13t/,0,1,2026_05_24-16:18:21
1tmaw08,t3_1tmaw08,Conservative,onlhs9h,t1_onlhs9h,t3_1tmaw08,networkdood,"They say they are sick of it, yet keep voting for it by voting Democrat ",1,2026-05-24T13:02:03+00:00,/r/Conservative/comments/1tmaw08/seattle_aurora_avenue_neighbors_revolt_blocking/onlhs9h/,0,2,2026_05_24-16:18:21
1tmaw08,t3_1tmaw08,Conservative,onmhnlp,t1_onmhnlp,t1_onlhs9h,skarface6,Surely this time things will change for the better!,1,2026-05-24T16:05:40+00:00,/r/Conservative/comments/1tmaw08/seattle_aurora_avenue_neighbors_revolt_blocking/onmhnlp/,1,3,2026_05_24-16:18:21
1tmaw08,t3_1tmaw08,Conservative,onlo9w4,t1_onlo9w4,t3_1tmaw08,Key-Monk6159,They will probably be arrested as the criminals are let go. This is what they voted for. ,1,2026-05-24T13:39:02+00:00,/r/Conservative/comments/1tmaw08/seattle_aurora_avenue_neighbors_revolt_blocking/onlo9w4/,0,4,2026_05_24-16:18:21
1tmaw08,t3_1tmaw08,Conservative,onlu2tp,t1_onlu2tp,t3_1tmaw08,kjc127,Let Seattle stay at rock bottom - it has been there for a few years now.  Electing a socialist mayor that LIVES with her parents shows they are not a serious people.  ,1,2026-05-24T14:10:17+00:00,/r/Conservative/comments/1tmaw08/seattle_aurora_avenue_neighbors_revolt_blocking/onlu2tp/,0,5,2026_05_24-16:18:21
1tmaw08,t3_1tmaw08,Conservative,onlczrs,t1_onlczrs,t3_1tmaw08,Down-not-out,"Sounds like the start of vigilantism....

*Residents along Seattle’s North Aurora corridor stopped waiting on City Hall. They hauled in large industrial steel planters and blocked off three residential side streets at N. 97th, 98th, and 102nd Streets near where they meet Aurora Avenue N. Neighbors said a representative from the mayor’s office and the Seattle Department of Transportation (SDOT) came out to push back. They were waved off.*

*“We’re honestly not thinking long term right now,” one neighbor said, asking not to be identified out of fear of retribution from pimps and dealers operating along the Aurora Avenue corridor.*

*“We’re sick of this,” he added, citing a lack of action from city leaders. “We’re going to close the streets.”*",1,2026-05-24T12:32:43+00:00,/r/Conservative/comments/1tmaw08/seattle_aurora_avenue_neighbors_revolt_blocking/onlczrs/,0,6,2026_05_24-16:18:21
1tmaw08,t3_1tmaw08,Conservative,onlf5uo,t1_onlf5uo,t1_onlczrs,ITrCool,"It’s inevitable anywhere the city authorities (mayor and council and judges) go soft on crime and free criminals. 

This is just the beginning. Next thing we know a bunch of Paul Kersey types are going to be roaming Seattle’s streets.  ",1,2026-05-24T12:46:22+00:00,/r/Conservative/comments/1tmaw08/seattle_aurora_avenue_neighbors_revolt_blocking/onlf5uo/,1,7,2026_05_24-16:18:21
1tmaw08,t3_1tmaw08,Conservative,onlkmi4,t1_onlkmi4,t1_onlczrs,ussbozeman,"Because there's no pimps or drug dealing happening on the streets where city leaders live, this is the case everywhere.

A homeless guy going through the recycling with a shopping cart in the alley behind the mayors house would result in two cop cars showing up to move him along, but constant criminal activiy and gunfire that narrowly missed a sleeping kid? ""Nothing we can do"".",1,2026-05-24T13:18:32+00:00,/r/Conservative/comments/1tmaw08/seattle_aurora_avenue_neighbors_revolt_blocking/onlkmi4/,1,8,2026_05_24-16:18:21
1tmaw08,t3_1tmaw08,Conservative,onluz63,t1_onluz63,t3_1tmaw08,Benzdrivingguy,"I used to live out in Seattle and I can say, it’s worse than you’re thinking. The amount of homeless drug addict mentally ill people just roaming the streets in high income neighborhoods, leeching off the local gov/city’s charity and harassing tax paying residents while blocking them from using things like public parks and sidewalks with their tents and needles and garbage, is ridiculous.",1,2026-05-24T14:14:57+00:00,/r/Conservative/comments/1tmaw08/seattle_aurora_avenue_neighbors_revolt_blocking/onluz63/,0,9,2026_05_24-16:18:21
1tmaw08,t3_1tmaw08,Conservative,onld4je,t1_onld4je,t3_1tmaw08,SychoNot,I was there last year for job and stayed by Aurora.  It’s an open air prostitution ring with obviously underage women and their pimps are in all the nearby parking lots.  It’s an ugly sight and they call it progress.  ,1,2026-05-24T12:33:35+00:00,/r/Conservative/comments/1tmaw08/seattle_aurora_avenue_neighbors_revolt_blocking/onld4je/,0,10,2026_05_24-16:18:21
1tmaw08,t3_1tmaw08,Conservative,onln237,t1_onln237,t3_1tmaw08,Soda-Popinski-,Defund the police….. cant imagine that would have consequences ,1,2026-05-24T13:32:20+00:00,/r/Conservative/comments/1tmaw08/seattle_aurora_avenue_neighbors_revolt_blocking/onln237/,0,11,2026_05_24-16:18:21
1tmaw08,t3_1tmaw08,Conservative,onls68a,t1_onls68a,t3_1tmaw08,Peria,Don’t care they voted for it they can live with it. ,1,2026-05-24T14:00:13+00:00,/r/Conservative/comments/1tmaw08/seattle_aurora_avenue_neighbors_revolt_blocking/onls68a/,0,12,2026_05_24-16:18:21
1tmaw08,t3_1tmaw08,Conservative,onmjg9v,t1_onmjg9v,t3_1tmaw08,hazmatt019,Trump should offer to send in the National Guard/ICE. When they refuse that (because Trump bad) then they are on their own.  ,1,2026-05-24T16:14:06+00:00,/r/Conservative/comments/1tmaw08/seattle_aurora_avenue_neighbors_revolt_blocking/onmjg9v/,0,13,2026_05_24-16:18:21
1tmaecc,t3_1tmaecc,Conservative,onlcr98,t1_onlcr98,t3_1tmaecc,Risenzealot,"Why is this thread titled like this? I’m sorry but this is the Conservative sub. Are we now also worried about triggering people with words? 

Use the word “Jews” and use the word “Hate” please. This is absurd. ",1,2026-05-24T12:31:13+00:00,/r/Conservative/comments/1tmaecc/ok_so_why_do_jws_keep_voting_for_people_who_hte/onlcr98/,0,1,2026_05_24-16:18:21
1tmaecc,t3_1tmaecc,Conservative,onlejgj,t1_onlejgj,t1_onlcr98,FluffyOakTree,The admins auto mod removes them when you use those words without quotes. And sometimes it still removes them. That's why.,1,2026-05-24T12:42:29+00:00,/r/Conservative/comments/1tmaecc/ok_so_why_do_jws_keep_voting_for_people_who_hte/onlejgj/,1,2,2026_05_24-16:18:21
1tmaecc,t3_1tmaecc,Conservative,onlf81k,t1_onlf81k,t1_onlejgj,Risenzealot,Well they are ridiculous then. ,1,2026-05-24T12:46:45+00:00,/r/Conservative/comments/1tmaecc/ok_so_why_do_jws_keep_voting_for_people_who_hte/onlf81k/,2,3,2026_05_24-16:18:21
1tmaecc,t3_1tmaecc,Conservative,onlha3r,t1_onlha3r,t1_onlf81k,HeReallyDoesntCare,This whole damn place is ridiculous.,1,2026-05-24T12:59:06+00:00,/r/Conservative/comments/1tmaecc/ok_so_why_do_jws_keep_voting_for_people_who_hte/onlha3r/,3,4,2026_05_24-16:18:21
1tmaecc,t3_1tmaecc,Conservative,onlpkq6,t1_onlpkq6,t1_onlf81k,bjohn15151515,Yeah... this is Reddit. Ridiculous has been a running theme for Reddit for awhile now.,1,2026-05-24T13:46:13+00:00,/r/Conservative/comments/1tmaecc/ok_so_why_do_jws_keep_voting_for_people_who_hte/onlpkq6/,3,5,2026_05_24-16:18:21
1tmaecc,t3_1tmaecc,Conservative,onlznr5,t1_onlznr5,t1_onlf81k,Lustan,"Unfortunately the vast majority discourse concerning using those words devolves into derogatory language.  And admins (the ones who dictate all of Reddit, separate from the mods of this sub) rarely care about the context of word usage and will deleted content that gets reported.    If admins find they have to delete too much content from a sub, they assume it’s due to poor moderation and ban the sub.  Then there is an active group of redditors that will report as much as possible to try to overwhelm moderation to get this subreddit banned.

In the end it’s just easier to blacklist words, especially when the context is typically derogatory.",1,2026-05-24T14:38:58+00:00,/r/Conservative/comments/1tmaecc/ok_so_why_do_jws_keep_voting_for_people_who_hte/onlznr5/,3,6,2026_05_24-16:18:21
1tmaecc,t3_1tmaecc,Conservative,onm2k92,t1_onm2k92,t1_onlejgj,Anticitizen-Zero,"This rarely ever happens and is almost always because of the subreddit, not the admins. ",1,2026-05-24T14:53:42+00:00,/r/Conservative/comments/1tmaecc/ok_so_why_do_jws_keep_voting_for_people_who_hte/onm2k92/,2,7,2026_05_24-16:18:21
1tmaecc,t3_1tmaecc,Conservative,onlivm8,t1_onlivm8,t3_1tmaecc,Mrbromandudeguy,"Idk im not Jewish but what ive learned through delivering mail in a large Jewish community is, the less traditionally Jewish they are, the more likely that they will vote Democrat. ",1,2026-05-24T13:08:28+00:00,/r/Conservative/comments/1tmaecc/ok_so_why_do_jws_keep_voting_for_people_who_hte/onlivm8/,0,8,2026_05_24-16:18:21
1tmaecc,t3_1tmaecc,Conservative,onlctoh,t1_onlctoh,t3_1tmaecc,Kosher_dingus,"We are rapidly moving away from the dems. 

The Reform Jews are the last ones that are reliable democrats and even that is waning ",1,2026-05-24T12:31:38+00:00,/r/Conservative/comments/1tmaecc/ok_so_why_do_jws_keep_voting_for_people_who_hte/onlctoh/,0,9,2026_05_24-16:18:21
1tmaecc,t3_1tmaecc,Conservative,onlvb90,t1_onlvb90,t3_1tmaecc,AlanSmithee23,"I dont 

A lot of us have finally woken up

The only ones who won’t are the young woman who are fully indoctrinated by the education system. They really believe that Trump and republicans are the enemy of the people, and nothing will change their minds.",1,2026-05-24T14:16:41+00:00,/r/Conservative/comments/1tmaecc/ok_so_why_do_jws_keep_voting_for_people_who_hte/onlvb90/,0,10,2026_05_24-16:18:21
1tmaecc,t3_1tmaecc,Conservative,onlb2qr,t1_onlb2qr,t3_1tmaecc,mr-nicktobi,"By the way, actual Jews are  voting republican, and have been for a while. 

Dems never survey actual Jewish neighborhoods in America when counting the Jewish vote. They survey instead liberal hell holes where AsAJews live and extrapolate that to the Jewish vote in the country. Fake news! 

Look at Lakewood NJs voting record, aventura Florida, boro park and Williamsburg NY.

https://www.shtetl.org/article/analyzing-the-haredi-vote-in-the-2024-general-election",1,2026-05-24T12:20:20+00:00,/r/Conservative/comments/1tmaecc/ok_so_why_do_jws_keep_voting_for_people_who_hte/onlb2qr/,0,11,2026_05_24-16:18:21
1tmaecc,t3_1tmaecc,Conservative,onlb8rq,t1_onlb8rq,t1_onlb2qr,ITrCool,I wonder what St Louis’ Jewish population is like statistically. ,1,2026-05-24T12:21:27+00:00,/r/Conservative/comments/1tmaecc/ok_so_why_do_jws_keep_voting_for_people_who_hte/onlb8rq/,1,12,2026_05_24-16:18:21
1tmaecc,t3_1tmaecc,Conservative,onlg0iu,t1_onlg0iu,t3_1tmaecc,ConfusionFlat691,"It’s funny because Democratic sites often run similar articles about traditional Republican voting blocs like farmers. The article actually makes many good points about how diverse the American Jewish population is and how it drives political support. I know pro-Trump Jews who AREN’T orthodox, as well as very pro-Israeli Jews who have been to Israel but are highly critical of the current political leadership there. In short, we tend to vote for those who seem to relate to us. Even if sometimes that appears paradoxical.",1,2026-05-24T12:51:34+00:00,/r/Conservative/comments/1tmaecc/ok_so_why_do_jws_keep_voting_for_people_who_hte/onlg0iu/,0,13,2026_05_24-16:18:21
1tmaecc,t3_1tmaecc,Conservative,onlkmmz,t1_onlkmmz,t3_1tmaecc,DanIvvy,Because they think if they’re one of the “good ones” they’ll be safe from the purges. ,1,2026-05-24T13:18:33+00:00,/r/Conservative/comments/1tmaecc/ok_so_why_do_jws_keep_voting_for_people_who_hte/onlkmmz/,0,14,2026_05_24-16:18:21
1tmaecc,t3_1tmaecc,Conservative,onl98uz,t1_onl98uz,t3_1tmaecc,MackSix,"I don't understand, really the Dems don't want them and they are not even hiding that anymore!?",1,2026-05-24T12:08:15+00:00,/r/Conservative/comments/1tmaecc/ok_so_why_do_jws_keep_voting_for_people_who_hte/onl98uz/,0,15,2026_05_24-16:18:21
1tmaecc,t3_1tmaecc,Conservative,onlbh8y,t1_onlbh8y,t1_onl98uz,ITrCool,"They’ve abandoned much of their “once safe” voter blocs for a gamble of going all-in on illegal immigrants voting for them. They see that as a safer bet if they can just get the pesky immigration enforcement off their backs.

Problem is….its not working too well lately and has lost them a ton of power.",1,2026-05-24T12:22:58+00:00,/r/Conservative/comments/1tmaecc/ok_so_why_do_jws_keep_voting_for_people_who_hte/onlbh8y/,1,16,2026_05_24-16:18:21
1tmaecc,t3_1tmaecc,Conservative,onlpsmp,t1_onlpsmp,t3_1tmaecc,WANTSIAAM,"From my experience, the majority of “Jews” that vote Democrat don’t really consider that an important aspect of their identity outside of being pathetic pick-me types saying, “look at me! I’m Jewish and I’m anti Zionist! I’m one of the good ones!”


Outside of that, they don’t care about their Jewish faith. Likely already a disappointment to their parents and leaning further into it. 



Outside of that, it’s becoming a greater and greater phenomenon where once liberal Jews are becoming alienated by their social groups for having common sense beliefs about Israel vs Hamas ",1,2026-05-24T13:47:25+00:00,/r/Conservative/comments/1tmaecc/ok_so_why_do_jws_keep_voting_for_people_who_hte/onlpsmp/,0,17,2026_05_24-16:18:21
1tmaecc,t3_1tmaecc,Conservative,onlkdbj,t1_onlkdbj,t3_1tmaecc,Total-Detective1094,I was told years ago by my SIL who is Jewish and from NY that it was guilt.  Something about being successful.  At least that's how she put it.,1,2026-05-24T13:17:04+00:00,/r/Conservative/comments/1tmaecc/ok_so_why_do_jws_keep_voting_for_people_who_hte/onlkdbj/,0,18,2026_05_24-16:18:21
1tmaecc,t3_1tmaecc,Conservative,onllcyi,t1_onllcyi,t1_onlkdbj,LatiBerg,"That's pretty much it. I grew up in this community before leaving it decades ago. They feel guilty that their ancestors came to America with nothing only 3 or 4 generations ago, and became very successful, very quickly.

  
They want everyone else to have that opportunity, and think that Democrat policies will make it happen. It's delusional, but that's their mindset.",1,2026-05-24T13:22:43+00:00,/r/Conservative/comments/1tmaecc/ok_so_why_do_jws_keep_voting_for_people_who_hte/onllcyi/,1,19,2026_05_24-16:18:21
1tmaecc,t3_1tmaecc,Conservative,onm4v1s,t1_onm4v1s,t1_onlkdbj,AlanSmithee23,"I’ve never felt an ounce of guilt, but I’ve known many who have. They literally feel it for no reason at all. They worked hard in school and life, and they earned everything they had.  ",1,2026-05-24T15:05:13+00:00,/r/Conservative/comments/1tmaecc/ok_so_why_do_jws_keep_voting_for_people_who_hte/onm4v1s/,1,20,2026_05_24-16:18:21
1tmaecc,t3_1tmaecc,Conservative,onlyqfr,t1_onlyqfr,t3_1tmaecc,ObadiahtheSlim,"Jew means 2 things. First, the religious system, generally derived from the Pharisee sect and the rabbinical traditions. Second it means the ethnicity. 



Nonreligious ethnic Jews are typically lefties and otherwise indistinguishable from any other western ethnicity.


Religious Jew, mostly the orthodox Rabbinical one, tend to vote Republican.",1,2026-05-24T14:34:14+00:00,/r/Conservative/comments/1tmaecc/ok_so_why_do_jws_keep_voting_for_people_who_hte/onlyqfr/,0,21,2026_05_24-16:18:21
1tmaecc,t3_1tmaecc,Conservative,onlmc6p,t1_onlmc6p,t3_1tmaecc,Retirednypd,Same reason minorities keep voting for democrats that never make their lives any better,1,2026-05-24T13:28:16+00:00,/r/Conservative/comments/1tmaecc/ok_so_why_do_jws_keep_voting_for_people_who_hte/onlmc6p/,0,22,2026_05_24-16:18:21
1tmaecc,t3_1tmaecc,Conservative,onmi56g,t1_onmi56g,t3_1tmaecc,DCEnby,A lot of them feel that Republicans are a Christian  only party. Not saying it's right. Just saying its what they believe,1,2026-05-24T16:07:59+00:00,/r/Conservative/comments/1tmaecc/ok_so_why_do_jws_keep_voting_for_people_who_hte/onmi56g/,0,23,2026_05_24-16:18:21
1tmaecc,t3_1tmaecc,Conservative,onlwhi8,t1_onlwhi8,t3_1tmaecc,mythic_dot_rar,Because their identity as a Heckin' Good Person (democrat) subsumes their identity as a Jew.,1,2026-05-24T14:22:44+00:00,/r/Conservative/comments/1tmaecc/ok_so_why_do_jws_keep_voting_for_people_who_hte/onlwhi8/,0,24,2026_05_24-16:18:21
1tmaiae,t3_1tmaiae,Conservative,onlb3fc,t1_onlb3fc,t3_1tmaiae,ITrCool,Sounds like their left’s dreams of a forced nationwide socialist utopia is about to go up in flames. ,1,2026-05-24T12:20:28+00:00,/r/Conservative/comments/1tmaiae/tens_of_thousands_of_people_are_protesting_in/onlb3fc/,0,1,2026_05_24-16:18:21
1tmaiae,t3_1tmaiae,Conservative,onleb0y,t1_onleb0y,t3_1tmaiae,Blarghnog,The left has no response to this.,1,2026-05-24T12:41:01+00:00,/r/Conservative/comments/1tmaiae/tens_of_thousands_of_people_are_protesting_in/onleb0y/,0,2,2026_05_24-16:18:21
1tmaiae,t3_1tmaiae,Conservative,onlhbgm,t1_onlhbgm,t1_onleb0y,WillyNilly1997,"On Facebook, they are blaming the protests on the Mossad. It is utterly absurd. Many on the left are just as conspiracist as Holocaust deniers. ",1,2026-05-24T12:59:20+00:00,/r/Conservative/comments/1tmaiae/tens_of_thousands_of_people_are_protesting_in/onlhbgm/,1,3,2026_05_24-16:18:21
1tmaiae,t3_1tmaiae,Conservative,onmdp1v,t1_onmdp1v,t3_1tmaiae,azmtber,I didn’t realize he was from Minnesota.,1,2026-05-24T15:47:15+00:00,/r/Conservative/comments/1tmaiae/tens_of_thousands_of_people_are_protesting_in/onmdp1v/,0,4,2026_05_24-16:18:21
1tmaiae,t3_1tmaiae,Conservative,onmgv8k,t1_onmgv8k,t3_1tmaiae,skarface6,"I mean, aren’t there always tens of thousands of people protesting in Spain?",1,2026-05-24T16:01:55+00:00,/r/Conservative/comments/1tmaiae/tens_of_thousands_of_people_are_protesting_in/onmgv8k/,0,5,2026_05_24-16:18:21
1tma7ta,t3_1tma7ta,Conservative,onlfd35,t1_onlfd35,t3_1tma7ta,Juract,"The American left is facing a massive generational clash, with a youth far more radical and anti-capitalist than their elders.

Remember how Bernie Sanders' 2016 campaign was sabotaged by a party machine conspiracy.

Remember how they had to appoint a candidate from the top down in 2020 following Biden's debacle.

These two events, and their inability to select a candidate from the grassroots, are precisely the results of this generational crisis.

This is also why the Democratic Party is still controlled by a few aging senators who are over 75.

 In a sense, wokism is the radicality they accepted to better refuse the anti capitalist one. 

Republican party has welcomed and accepted much better its radical youth. That's one of the reasons of Trump's success.",1,2026-05-24T12:47:38+00:00,/r/Conservative/comments/1tma7ta/from_coast_to_coast_the_ultraleft_is_on_a_quest/onlfd35/,0,1,2026_05_24-16:18:21
1tma7ta,t3_1tma7ta,Conservative,onlp4ft,t1_onlp4ft,t3_1tma7ta,StableQuark,You can blame the unregulated sites like our very own Reddit. Youth are soaking up lies from everything to steroids to Chinese bots aimed at shifting political views. It’s extremely effective. ,1,2026-05-24T13:43:43+00:00,/r/Conservative/comments/1tma7ta/from_coast_to_coast_the_ultraleft_is_on_a_quest/onlp4ft/,0,2,2026_05_24-16:18:21
1tma7ta,t3_1tma7ta,Conservative,onl9rjx,t1_onl9rjx,t3_1tma7ta,Ohyourglob,"There’s not such thing as the “ultra-left”, it’s just the democrat party. They caved years ago to the left-wing domestic terrorists. Hell, they are running an actual Nazi in Maine.",1,2026-05-24T12:11:40+00:00,/r/Conservative/comments/1tma7ta/from_coast_to_coast_the_ultraleft_is_on_a_quest/onl9rjx/,0,3,2026_05_24-16:18:21
1tma7ta,t3_1tma7ta,Conservative,onlrmk3,t1_onlrmk3,t3_1tma7ta,AZBagpiperPhil,This guy Platner is an idiot! No TRUE VETERAN would trash a Brother in Arms for making the decision to take fire to help his mates get out of being pinned down!,1,2026-05-24T13:57:19+00:00,/r/Conservative/comments/1tma7ta/from_coast_to_coast_the_ultraleft_is_on_a_quest/onlrmk3/,0,4,2026_05_24-16:18:21
1tma7ta,t3_1tma7ta,Conservative,onlf5vy,t1_onlf5vy,t3_1tma7ta,Flare4roach,"Yet day after day, various DNC brownshirts (politicians) post multiple times daily on X how republicans are “extremists”.

Up is down",1,2026-05-24T12:46:23+00:00,/r/Conservative/comments/1tma7ta/from_coast_to_coast_the_ultraleft_is_on_a_quest/onlf5vy/,0,5,2026_05_24-16:18:21
1tma7ta,t3_1tma7ta,Conservative,onmc7ed,t1_onmc7ed,t3_1tma7ta,A_Hatless_Casual,"This is not a new thing, the progressive takeover has been going on since the early 20th century as a drip and during Obama's tenure it was turned into a full blown conquest. Those behind the curtain likely wanted the final result faster but failed to see the populace was still largely against this. ",1,2026-05-24T15:40:24+00:00,/r/Conservative/comments/1tma7ta/from_coast_to_coast_the_ultraleft_is_on_a_quest/onmc7ed/,0,6,2026_05_24-16:18:21
