tweet_id,text,author_id,username,created_at,like_count,retweet_count,reply_count,quote_count,url,keyword,sync_timestamp
2061455641021927758,"New York lawmakers inserted two gun-control laws into the state’s Fiscal Year 2027 budget on Wednesday, one of which bans the popular Glock family of pistols.
Democratic Gov. Kathy Hochul signed the budget into law late after it was passed by the heavily Democratic state https://t.co/N1oY7c4AXy",1520065193283395587,MagaMalinois,2026-06-01 14:31:39+00:00,0,0,0,0,https://x.com/i/web/status/2061455641021927758,gun control,2026_06_01-14:32:18
2061455606419243366,"All gun control laws are invalid as lawmakers do not have the authority to restrict a constitutionally protected right. So do you know how stupid you look trying? SCOTUS, just rule that to stop the nonsense.",45492157,DonnWiley,2026-06-01 14:31:31+00:00,0,0,0,0,https://x.com/i/web/status/2061455606419243366,gun control,2026_06_01-14:32:18
2061455440743968895,"We repealed Biden's gun control, and crime kept falling anyway.

Offended by this, I left the ATF and joined Everytown. Now I insist crime is going to spike any day now, despite this prediction continuing to be wrong. - Former ATF Industry Operations Assistant Director

So many https://t.co/MR8YZPUUsM",61630178,gunrights,2026-06-01 14:30:51+00:00,2,0,0,0,https://x.com/i/web/status/2061455440743968895,gun control,2026_06_01-14:32:18
2061452328100884616,"Well, its pride month.
The month every year people regurgitate lazy talking points and eat up lies by LoTT, priming them for a July and August of ""well maybe conservatives should support gun control"".
Same every year.
Because no one pays attention.",1261770995024621568,TheGenCatton,2026-06-01 14:18:29+00:00,0,0,0,0,https://x.com/i/web/status/2061452328100884616,gun control,2026_06_01-14:32:18
2061450540324733421,"Democrat governors in Maryland and Virginia are facing fierce resistance from sheriffs and prosecutors over immigration enforcement and gun control laws. 17 Maryland sheriffs sued over a law limiting ICE… #Politics #Immigration #GunControl #StateVsFederal
https://t.co/CKAeVKBcxe",1851702109432864768,AutonomusRepost,2026-06-01 14:11:23+00:00,0,0,0,0,https://x.com/i/web/status/2061450540324733421,gun control,2026_06_01-14:32:18
2061444821420580931,"There's a joke about gun control: If there's a gun around, I want to be in control of it.

It's not really a joke, and it can be extended: If there's power, politicians want to be in control of it.",18053549,rficwizard,2026-06-01 13:48:39+00:00,0,0,0,0,https://x.com/i/web/status/2061444821420580931,gun control,2026_06_01-14:32:18
2061442766274494588,Blue State Sneaks Two Gun Control Laws Past Voters In Budget Bill https://t.co/3c6hVvzSjO via @@CDNNow,635004482,FirebaughNorman,2026-06-01 13:40:29+00:00,0,0,0,0,https://x.com/i/web/status/2061442766274494588,gun control,2026_06_01-14:32:18
2061424122526097707,"There’s no way bro I actually found the perfect girl

Yesterday we were talking about gun control (I’m very anti gun control and she believes in limited gun control)
She says to me “What about all the black people?  What happens when they get guns?”

You know what?  You right 😭",1609089595236401153,KLeonidasII,2026-06-01 12:26:24+00:00,0,0,1,0,https://x.com/i/web/status/2061424122526097707,gun control,2026_06_01-14:32:18
2061421663393104101,"Mental Health, Gun Control, and the Unaddressed Issue of Red Flag Laws

https://t.co/pYbnH8Av6D",1971350249655660544,Suzy1270847,2026-06-01 12:16:38+00:00,0,0,0,0,https://x.com/i/web/status/2061421663393104101,gun control,2026_06_01-14:32:18
2061406238340964554,Blue State Sneaks Two Gun Control Laws Past Voters In Budget Bill https://t.co/39j2hKtvCU via @@CDNNow 🔫🔫🔫🔫🔫,1752983071576477696,Ethn5745Michael,2026-06-01 11:15:20+00:00,0,0,0,0,https://x.com/i/web/status/2061406238340964554,gun control,2026_06_01-14:32:18
2061455704951505364,Protecting coral reefs is vital for sustainability. Everglades faces threats from climate change. Global campaigns protect its future. Actions like recycling drive meaningful change. Communities drive conservation initiatives. 💎 🚩 🌂 https://t.co/hVGGW97wMY,2434341211,MairaMomade,2026-06-01 14:31:54+00:00,0,0,0,0,https://x.com/i/web/status/2061455704951505364,climate change,2026_06_01-14:32:18
2061455533157024121,The health of coral reefs affects global ecosystems. Everglades struggles with climate change. Communities drive conservation initiatives. Efforts in tree planting promote a sustainable future. Scientists lead restoration efforts. 🧳 https://t.co/61yo8psODs,514811817,The_Suneriks,2026-06-01 14:31:13+00:00,0,0,0,0,https://x.com/i/web/status/2061455533157024121,climate change,2026_06_01-14:32:18
2061455497757114844,Protecting rainforests is vital for sustainability. Great Barrier Reef faces threats from climate change. Global campaigns protect its future. Actions like tree planting drive meaningful change. Scientists lead restoration efforts. 🚀 🍁 https://t.co/N1vHGDw85j,2557788081,sergio_nava1973,2026-06-01 14:31:05+00:00,0,0,0,0,https://x.com/i/web/status/2061455497757114844,climate change,2026_06_01-14:32:18
2061455420238266866,Protecting wetlands is vital for sustainability. Amazon faces threats from climate change. Global campaigns protect its future. Actions like recycling drive meaningful change. Communities drive conservation initiatives. 🍁,1884235770,esperanza1829,2026-06-01 14:30:46+00:00,0,0,0,0,https://x.com/i/web/status/2061455420238266866,climate change,2026_06_01-14:32:18
2061455378475335889,The health of rainforests affects global ecosystems. Everglades struggles with climate change. Scientists lead restoration efforts. Efforts in reducing emissions promote a sustainable future. Communities drive conservation initiatives. 🍀 💰 🌸 https://t.co/aylpYcfjFx,1594595460,rilyaenok,2026-06-01 14:30:36+00:00,0,0,0,0,https://x.com/i/web/status/2061455378475335889,climate change,2026_06_01-14:32:18
2061455190453002618,The health of wetlands affects global ecosystems. Everglades struggles with climate change. Communities drive conservation initiatives. Efforts in recycling promote a sustainable future. Global campaigns protect its future. 🧢,342727301,cosiminoo,2026-06-01 14:29:52+00:00,0,0,0,0,https://x.com/i/web/status/2061455190453002618,climate change,2026_06_01-14:32:18
2061455084030980496,"At UN ECOSOC Operational Activities for Development Segment, @UruguayONU (G77 and China) highlights coordinated GA and ECOSOC roles in promoting and implementing development priorities, notes issues such as inequalities and climate change which require fresh attention.",250716147,GlobalActionPW,2026-06-01 14:29:26+00:00,0,0,0,0,https://x.com/i/web/status/2061455084030980496,climate change,2026_06_01-14:32:18
2061455047402070045,The health of rainforests affects global ecosystems. Great Barrier Reef struggles with climate change. Scientists lead restoration efforts. Efforts in tree planting promote a sustainable future. Communities drive conservation initiatives. 🌱,4716863946,titiyasu5,2026-06-01 14:29:17+00:00,0,0,0,0,https://x.com/i/web/status/2061455047402070045,climate change,2026_06_01-14:32:18
2061454709953614071,Protecting coral reefs is vital for sustainability. Amazon faces threats from climate change. Communities drive conservation initiatives. Actions like recycling drive meaningful change. Global campaigns protect its future. 🍄 🚀,1138760971,niallmyirishpri,2026-06-01 14:27:57+00:00,0,0,0,0,https://x.com/i/web/status/2061454709953614071,climate change,2026_06_01-14:32:18
2061454690525589991,"Haven't seen people debate climate change in awhile, the coastlines are saved, grift is finished.",1817288821932765184,ReichNeverDies,2026-06-01 14:27:52+00:00,0,0,0,0,https://x.com/i/web/status/2061454690525589991,climate change,2026_06_01-14:32:18
2061455255272145389,"Raman deleted her abortion video. 

What a dumb fucking bitch. https://t.co/tBDCZ54RpQ",819034558058229760,Alt_Azn,2026-06-01 14:30:07+00:00,0,0,0,0,https://x.com/i/web/status/2061455255272145389,abortion,2026_06_01-14:32:18
2061455007896182941,"Abortion is simply an adult m*rdering an innocent child because they feel inconvenienced. 

Nothing about it is normal.",137472360,AbbyJohnson,2026-06-01 14:29:08+00:00,3,1,1,0,https://x.com/i/web/status/2061455007896182941,abortion,2026_06_01-14:32:18
2061454792019304841,"Pope Leo Holds ‘Multi-Faith Prayer’ With Far-Left Chicago Mayor Who Celebrated ‘Abortion Provider Day’
https://t.co/rzG1R24lth",1034088253761220608,complicitclergy,2026-06-01 14:28:17+00:00,1,1,1,0,https://x.com/i/web/status/2061454792019304841,abortion,2026_06_01-14:32:18
2061454561081196629,"If you abhorrent abortion, but celebrate the suicide of gay people, you are not pro life.",1144603343613882368,GMoney662,2026-06-01 14:27:21+00:00,0,0,0,0,https://x.com/i/web/status/2061454561081196629,abortion,2026_06_01-14:32:18
2061454520706617471,"When faced with the brutal realities of late-term abortion—a left foot with five tiny toes, half a cranium attached to the rosebud of an ear—arguments against a fetus’s humanity become very hard to make. 

Quibbles about personhood quiet when the pieces of a child are https://t.co/w3yYj1OKPe",15762819,ErickaAndersen,2026-06-01 14:27:12+00:00,0,0,1,0,https://x.com/i/web/status/2061454520706617471,abortion,2026_06_01-14:32:18
2061454290401603762,"#Stanford Online paid for an #ad on left-wing #facebook, but blocked the ability to comment on it ... maybe they don't want honest people to point out that Stanford is an #abortion school?",103776355,stevencwelsh,2026-06-01 14:26:17+00:00,0,0,0,0,https://x.com/i/web/status/2061454290401603762,abortion,2026_06_01-14:32:18
2061454259741151500,@BLACKPINK LISA DIDNT EVER HAVE AN ABORTION IT WAS A LITTLE DISTORTION TO LET THE DEMON HUNTERS HUNT WITHOUT yall IN THE KNOW SO HOWS THAT FOR A SHOW... IT WILL GO ON UNLIKE euphoria THAT WAS SOURCERY AND THAT IS WHY ALL INVOLVED ARE ON 310S TO YUMA VERY SOONA...,1650067082174767107,THEREAL0017,2026-06-01 14:26:10+00:00,0,0,0,0,https://x.com/i/web/status/2061454259741151500,abortion,2026_06_01-14:32:18
2061454215453540775,"Today you celebrate LGBTQ bill,happy for you but remember in the near future you won’t also have the right to use contraceptive,abortion right and antibiotics,they will come for each one of us. Glory  be to the  US Christians lobbyist group",1738048524330127360,redjungle_077,2026-06-01 14:25:59+00:00,0,0,0,0,https://x.com/i/web/status/2061454215453540775,abortion,2026_06_01-14:32:18
2061453181079458238,Abortion is murder,1607285325289738240,LivingSacrifce,2026-06-01 14:21:52+00:00,0,0,0,0,https://x.com/i/web/status/2061453181079458238,abortion,2026_06_01-14:32:18
2061453088041369962,Your daily reminder that abortion kills a child every time.,525249347,Antiochean,2026-06-01 14:21:30+00:00,0,0,0,0,https://x.com/i/web/status/2061453088041369962,abortion,2026_06_01-14:32:18
2061455630033096886,Exclusive: Meet the Kids’ Book Character Challenging the Left’s Pro-Illegal Immigration Narrative https://t.co/LzybzRPOO1,264934281,NorCalCrush,2026-06-01 14:31:36+00:00,0,0,0,0,https://x.com/i/web/status/2061455630033096886,immigration,2026_06_01-14:32:18
2061455576161284567,"Just came across this and thought it was a rather good summary of Churchill's actions on immigration in the 50s.
https://t.co/xMALLDelHS",1547976276362665984,ThreeJacques,2026-06-01 14:31:24+00:00,0,0,0,0,https://x.com/i/web/status/2061455576161284567,immigration,2026_06_01-14:32:18
2061455568187904055,"SA politics always dances around the immigration issue, but local municipalities are feeling the strain every day. It's not sustainable to expect local clinics, housing, and infrastructure to cope when the system doesn't even know how many people are actually in the country.",870248282777411584,THATDAILYHOOK,2026-06-01 14:31:22+00:00,0,0,0,0,https://x.com/i/web/status/2061455568187904055,immigration,2026_06_01-14:32:18
2061455530036453892,Exclusive: Meet The Kids’ Book Character Challenging The Left’s Pro-Illegal Immigration Narrative https://t.co/bbX4e8rQFg,1823936288992428032,FletchTex48,2026-06-01 14:31:13+00:00,0,0,0,0,https://x.com/i/web/status/2061455530036453892,immigration,2026_06_01-14:32:18
2061455499103523111,"🔔 MAJOR IMMIGRATION ENFORCEMENT UPDATE: The Trump–Vance administration has reportedly announced the cancellation of approximately 80,000 visas as part of a stated national security effort. Reported figures include roughly 16,000 cases linked to drunk driving offenses, 12,000 https://t.co/lW3aLjdX3q",252899097,johnfkjr6,2026-06-01 14:31:05+00:00,0,0,0,0,https://x.com/i/web/status/2061455499103523111,immigration,2026_06_01-14:32:18
2061455476517208332,"At Central Chambers Law, we are committed to delivering expert legal advice, strong representation, and practical solutions tailored to your needs. Whether you require assistance with Criminal Defence, Family Law, Civil Litigation, or Immigration matters, our experienced team is https://t.co/JkMjx9bBgh",1605565797119795200,CCLSolicitors,2026-06-01 14:31:00+00:00,0,0,0,0,https://x.com/i/web/status/2061455476517208332,immigration,2026_06_01-14:32:18
2061455471127437453,"After the Biden administration clamped down on the flow of illegal guns, Trump has referred fewer ATF trafficking charges for prosecution, eased up on irresponsible gun shops and shifted hundreds of ATF agents to immigration work. https://t.co/9ot3vojhLY @AlecMacGillis",22278303,charlesornstein,2026-06-01 14:30:58+00:00,1,0,0,0,https://x.com/i/web/status/2061455471127437453,immigration,2026_06_01-14:32:18
2061455270895632724,"Immigration nonprofits fair game for investigations, says new House task force leader Brandon Gill https://t.co/2DWx66kinc via @JustTheNews",373033271,Wil_Johnson1,2026-06-01 14:30:11+00:00,0,0,0,0,https://x.com/i/web/status/2061455270895632724,immigration,2026_06_01-14:32:18
2061455264650248398,"""When pro-immigration and pro-ICE demonstrators converged outside a Newark detention facility, the curfew line revealed something the cameras mostly missed.""

— Yasmine F.

https://t.co/SqVwykW0ex",1915554894154444800,the_americanum,2026-06-01 14:30:09+00:00,0,0,0,0,https://x.com/i/web/status/2061455264650248398,immigration,2026_06_01-14:32:18
2061455253900292230,The Immigration Problem Masterclass https://t.co/EYHfXrM0VG,1267610235105132544,americanmoment,2026-06-01 14:30:07+00:00,0,0,0,0,https://x.com/i/web/status/2061455253900292230,immigration,2026_06_01-14:32:18
2061453938390712430,Enforce your second amendment right against tyranny. https://t.co/NbchMFJKS3,1827202223316856832,Rumplefurskin,2026-06-01 14:24:53+00:00,0,0,0,0,https://x.com/i/web/status/2061453938390712430,second amendment,2026_06_01-14:32:18
2061450642237825263,"I’m honored to be the only candidate in the Attorney General’s race to receive an A rating from the NRA.

In the State Senate, I proudly voted for Constitutional Carry to protect the rights of law-abiding South Carolinians and defend the Second Amendment.

As Attorney General, I https://t.co/sWlTdNmrj7",2698216466,ScSenGoldfinch,2026-06-01 14:11:47+00:00,2,2,0,0,https://x.com/i/web/status/2061450642237825263,second amendment,2026_06_01-14:32:18
2061444181961376171,"📍 LOS ANGELES COUNTY

🗳️⏳ Less than 48 hours until Election Day.

This election is about public safety, leadership, and the future of our Sheriff’s Department.

👮‍♂️ Supporting our deputies.
🛡️ Defending the Constitution.
🇺🇸 Protecting the Second Amendment.
🤝 Restoring https://t.co/YPifyPPUZF",1894976852181295105,oscar4lasheriff,2026-06-01 13:46:07+00:00,1,0,0,0,https://x.com/i/web/status/2061444181961376171,second amendment,2026_06_01-14:32:18
2061437621268877549,"On Law &amp; Society:

Defending The Second Amendment

https://t.co/8uN76aZ1nW",1368799567190237188,NoOneUnscripted,2026-06-01 13:20:03+00:00,0,0,0,0,https://x.com/i/web/status/2061437621268877549,second amendment,2026_06_01-14:32:18
2061428661069168689,"While at Starbase, I wondered what to do after the excitement of watching Starship 12 launch.

Well, there’s a practice range by Starbase called “Massey’s” and I went and it was great! 

We are a nation who has the Second Amendment, that is important! https://t.co/5MVZ3hvYXD",1233929232432205827,gailalfaratx,2026-06-01 12:44:26+00:00,71,5,11,0,https://x.com/i/web/status/2061428661069168689,second amendment,2026_06_01-14:32:18
2061427131968520243,"As of May 2026, only 29 states have enacted Constitutional Carry, with North Carolina on the brink. Republicans must unite to overcome Democratic opposition and ensure Second Amendment rights are upheld across the nation. 
https://t.co/bSI0ahcWFi",1893347445481828352,xlibhomocon,2026-06-01 12:38:22+00:00,1,0,0,0,https://x.com/i/web/status/2061427131968520243,second amendment,2026_06_01-14:32:18
2061424654628294661,"Paxton’s opponent supports:

- open borders
- higher taxes
- big government 
- stripping parental rights 
- medically abusing children
- stripping women’s rights
- identity politics
- gutting the second Amendment
- fraud in govt
- and more

It’s easy to decide who to vote for.",1768827390799798272,Liberalsofthew,2026-06-01 12:28:31+00:00,0,0,0,0,https://x.com/i/web/status/2061424654628294661,second amendment,2026_06_01-14:32:18
2061422387732664378,Meet a Sheriff taking a Bold Stand for the Second Amendment! https://t.co/LHnVTjBzgc,1871557773835517952,EricRZehr,2026-06-01 12:19:31+00:00,18,2,1,1,https://x.com/i/web/status/2061422387732664378,second amendment,2026_06_01-14:32:18
2061399758032298400,"This is will be a rare liberal post:

LGBTQ rights begin in the womb.

The second amendment is for EVERYONE. You deserve to feel safe and defend yourself.

You deserve to be happy. 

You are loved by God. 

Happy Pride Month! 🏳️‍🌈🏳️‍⚧️

#PrideMonth #LGBTQ #ProLife",1548430050273271809,ConservativeGG3,2026-06-01 10:49:35+00:00,6,0,4,0,https://x.com/i/web/status/2061399758032298400,second amendment,2026_06_01-14:32:18
2061387513051087212,"Constitutional Carry’s march has slowed, but in states like North Carolina, Michigan, and Wisconsin, the next wave of Second Amendment victories may already be taking shape.

https://t.co/o5HQfQNXip",749016639287414784,theamgreatness,2026-06-01 10:00:56+00:00,2,0,0,0,https://x.com/i/web/status/2061387513051087212,second amendment,2026_06_01-14:32:18
2061447171627700665,"Businesses and human capital are the economic engines. 30 states restricted the reproductive rights of over 26 million. This is on Us. Pull your ads, relocate, pull out of pensions in these states. Reproductive rights are human rights. #AbortionbanExit https://t.co/pTZIRLmfO7",1569393812,StopVirtuaStalk,2026-06-01 13:58:00+00:00,0,0,0,0,https://x.com/i/web/status/2061447171627700665,reproductive rights,2026_06_01-14:32:18
2061432576221311309,"Dr. Gay Lee will protect reproductive rights for women in   Dutchess, Orange, and Ulster counties. 

#DrGayLee #VoteBlue #ElectGayLee https://t.co/fNLmcm74nw",2544060648,electgaylee,2026-06-01 13:00:00+00:00,0,0,0,0,https://x.com/i/web/status/2061432576221311309,reproductive rights,2026_06_01-14:32:18
2061423520236638589,can you guys talk abt issues that actually affect women like reproductive rights or feminicide,1070049143098359814,msoliviashea,2026-06-01 12:24:01+00:00,0,0,0,0,https://x.com/i/web/status/2061423520236638589,reproductive rights,2026_06_01-14:32:18
2061412510251851873,"As a lifelong woman, I should be free to exercise my reproductive rights without getting stabbed in the neck or molested (again!) on my way to the abortion clinic. 

Karen Bass and Nithya Raman have taken that right away from me.

Spencer Pratt will give it back. 

Ladies: this https://t.co/NMmdlayQtB",861299672819748865,FilthyArmenian,2026-06-01 11:40:16+00:00,11,1,0,0,https://x.com/i/web/status/2061412510251851873,reproductive rights,2026_06_01-14:32:18
2061405388420137096,"Family planning is more than healthcare. It is dignity, informed choice, and hope. @UNFPA and its partners, including @DKTchangeslives, are helping women in #Myanmar access the counseling services and care they need to exercise their reproductive rights. 
https://t.co/vkBqZ4oeCq",929199385,UNFPAMMR,2026-06-01 11:11:58+00:00,0,0,0,0,https://x.com/i/web/status/2061405388420137096,reproductive rights,2026_06_01-14:32:18
2061400009778639331,"but they’re complicit in helping them sacrifice children to Moloch for reproductive rights, thru higher immigration, rape, and abortion, as a side effect to cheat the census for higher representation they can’t otherwise court  buying voters with benefits and rampant fraud",322080275,tailurbrrurbin,2026-06-01 10:50:35+00:00,0,0,0,0,https://x.com/i/web/status/2061400009778639331,reproductive rights,2026_06_01-14:32:18
2061387731087806685,"You guys, quick one yeah, but if I’m cohosting a talk about sexual and reproductive rights specially targeted towards sapphics and trans women will you guys come? 👀

I’ll bribe you with small chops and zobo 🥹",1907000265623887872,esisoverthis,2026-06-01 10:01:48+00:00,31,6,5,0,https://x.com/i/web/status/2061387731087806685,reproductive rights,2026_06_01-14:32:18
2061352552055140589,A continental charter that strips women of reproductive rights and erases LGBT+ people from African legal frameworks is being discussed in Accra this week. Ghana’s Speaker of Parliament is one of its champions. JustRight Ghana is watching. We will not let this happen in the dark. https://t.co/tVL594nEMC,1801336166609743872,JustRightGhana,2026-06-01 07:42:01+00:00,15,14,0,1,https://x.com/i/web/status/2061352552055140589,reproductive rights,2026_06_01-14:32:18
2061343176817005008,"A woman’s right to healthcare shouldn’t be up for debate in 2026. 

But here we are… again. 

If you care about reproductive rights, please SHARE https://t.co/Z2cUzCxkbK",19259091,StevenJMiles,2026-06-01 07:04:45+00:00,126,56,79,6,https://x.com/i/web/status/2061343176817005008,reproductive rights,2026_06_01-14:32:18
2061311783646744971,"Reproductive Rights Feminist T-Shirt | Political Activist Tee https://t.co/dofBUAnwQH via @Etsy

Available in a Variety of Sizes and Colors

#reproductiverights #womenshealth #prochoice #WomenPower #resistandpersist #graphictee #mybodymychoice #feminist",860601814659592192,KnotSimple,2026-06-01 05:00:01+00:00,1,1,0,0,https://x.com/i/web/status/2061311783646744971,reproductive rights,2026_06_01-14:32:18
2061455345873035590,"Trump invests $50M in border security but struggles to tackle Ebola threats from abroad? How effective is that spending really? dBunk checked this.

https://t.co/8eRW3bhbyc https://t.co/BmTgfMy3Kn",2013332214277382148,DBunk_Fact,2026-06-01 14:30:29+00:00,0,0,0,0,https://x.com/i/web/status/2061455345873035590,border security,2026_06_01-14:32:18
2061450671346348384,"This week’s guest has seen more than most people will in a lifetime.

22 years in the Air Force. Five deployments. Leadership roles across Iraq, Afghanistan, and Africa.

@AaronLuvsMerica joins Politically Basic to talk military readiness, border security, international conflict, https://t.co/cgLjgqP52D",1617599226007158788,PoliticallyBasc,2026-06-01 14:11:54+00:00,1,0,0,0,https://x.com/i/web/status/2061450671346348384,border security,2026_06_01-14:32:18
2061447839775887598,"The state did not appear to have an immediate crackdown planned, even as Gov. Greg Abbott cheered the ruling as a “major border security victory.” https://t.co/eTQCVlhD0x",8940342,HoustonChron,2026-06-01 14:00:39+00:00,0,0,0,0,https://x.com/i/web/status/2061447839775887598,border security,2026_06_01-14:32:18
2061447640244510903,"With just one day to go, the 2026 edition of Africa Border Security Week is once again taking place in Cape Town from 2 to 3 June 2026 . *Africa Border Security Week - Marriott Crystal Towers Hotel, Century City, Cape Town.*

*For media interviews &amp; accreditation:*  
Mmemme https://t.co/A2prlCWvw7",1706993008342597632,TheBMA_SA,2026-06-01 13:59:51+00:00,0,0,0,0,https://x.com/i/web/status/2061447640244510903,border security,2026_06_01-14:32:18
2061442964623163673,Eight individuals were stopped at Kabul International Airport last week after attempting to travel abroad using forged documents and fraudulent travel credentials. Authorities prevented their travel as part of efforts to maintain border security. https://t.co/Kavj4NVQGq,2027487068738449408,HKably68,2026-06-01 13:41:17+00:00,0,0,0,0,https://x.com/i/web/status/2061442964623163673,border security,2026_06_01-14:32:18
2061442434744160701,"Rep. Roy: ""Republicans need to deliver. There's a lot of things we have not done. We've not codified border security, we've not backed up the President in a lot of areas, and so we need to get busy in the next few weeks getting the job done."" @FoxNews https://t.co/tnX7LJc8Wc",1082790600292925440,RepChipRoy,2026-06-01 13:39:10+00:00,104,24,14,0,https://x.com/i/web/status/2061442434744160701,border security,2026_06_01-14:32:18
2061441994996764834,"🚔🇮🇳 From border security and major investigations to policing one of India's largest cities during a pandemic, IPS officer Mahesh Kumar Aggarwal has spent over three decades handling some of the toughest assignments in public service.

Now, he takes on the biggest responsibility https://t.co/ujohiLrhb3",1283763471406911488,i3masterminds,2026-06-01 13:37:26+00:00,0,0,0,0,https://x.com/i/web/status/2061441994996764834,border security,2026_06_01-14:32:18
2061434544780095931,"REPUBLICANS: STOP SNATCHING DEFEAT FROM THE JAWS OF VICTORY

Republicans continue to find new ways to turn opportunity into frustration.

We have not had a better chance in decades to make a positive difference for America. The White House. The House. The Senate. Border security.",1983277182379003904,StanMcwilliamd,2026-06-01 13:07:49+00:00,0,0,0,0,https://x.com/i/web/status/2061434544780095931,border security,2026_06_01-14:32:18
2061428788446351603,🤣 border security in Australia https://t.co/UyiC5Qm8wD,1415578772,IMAROOSTAR,2026-06-01 12:44:57+00:00,0,0,0,0,https://x.com/i/web/status/2061428788446351603,border security,2026_06_01-14:32:18
2061427491596550429,"The fallout on regional security is now real, not hypothetical. Militancy from Afghanistan-based groups has struck several nations, notably Pakistan, with hundreds of attacks. Violence spilling into Central Asia highlights rising cross-border security threats. https://t.co/8Ov8MiXx1m",890107595742171136,1Charlie_33,2026-06-01 12:39:48+00:00,0,0,0,0,https://x.com/i/web/status/2061427491596550429,border security,2026_06_01-14:32:18
2061455310309515772,"487% organic growth. 23 Google AI Overviews. CPL down 62%. In 8 months.

A renewable energy company went from zero search visibility to industry leader. SEO done properly still wins.

Read more:
https://t.co/H7o4eu2O9z

#SEO #RenewableEnergy https://t.co/oPiGv4IBNv",72806583,aiminternet,2026-06-01 14:30:20+00:00,0,0,0,0,https://x.com/i/web/status/2061455310309515772,renewable energy,2026_06_01-14:32:18
2061455226243321936,"Renewable energy drones are equipped with AI-assisted analytics, making the aerial monitoring faster, safer, &amp; more accurate for solar farms and utility infrastructure. ☀️

#ZenaDrone #ZenaTech #DroneTechnology #RenewableEnergyDroneServices #RenewableEnergyDroneInspections https://t.co/W2mnCiiZiv",1516668154214338564,ZenadroneInc,2026-06-01 14:30:00+00:00,0,0,0,0,https://x.com/i/web/status/2061455226243321936,renewable energy,2026_06_01-14:32:18
2061454541619638549,How flexibility and hybrid projects can drive European renewable energy dealmaking https://t.co/WYmk05A2wn #solar,64997681,pv_tech,2026-06-01 14:27:17+00:00,0,0,0,0,https://x.com/i/web/status/2061454541619638549,renewable energy,2026_06_01-14:32:18
2061452682846478451,"The speed at which technology evolves is mind-blowing! From AI advancements to breakthroughs in renewable energy, the future feels incredibly bright and full of potential. Excited for what's next!",86386016,maxlopezdev,2026-06-01 14:19:54+00:00,0,0,0,0,https://x.com/i/web/status/2061452682846478451,renewable energy,2026_06_01-14:32:18
2061451710049231292,"Long before modern power grids, the elements shaped human progress. Today, renewable energy is often celebrated as a futuristic breakthrough, yet its blueprint is as old as time. Every solar cell absorbing the sun's brilliance, every turbine driven by hydraulic gravity, and every https://t.co/EOOKbFu5RP",830295077142421505,mahaurja,2026-06-01 14:16:02+00:00,0,0,0,0,https://x.com/i/web/status/2061451710049231292,renewable energy,2026_06_01-14:32:18
2061451244036665428,"Africa’s largest hydroelectric dam in Ethiopia 🇪🇹, the GERD, generates 5,150 MW to power the national grid with clean, renewable energy. https://t.co/XqRfPGqkXn",1519309989000667137,AfricaFirsts,2026-06-01 14:14:11+00:00,3,1,0,0,https://x.com/i/web/status/2061451244036665428,renewable energy,2026_06_01-14:32:18
2061450586558808192,Tesla’s solar products make renewable energy more accessible and practical under Elon Musk’s vision.,2050140859631280128,DrMichaelJ12224,2026-06-01 14:11:34+00:00,0,0,0,0,https://x.com/i/web/status/2061450586558808192,renewable energy,2026_06_01-14:32:18
2061450534159327741,"If we're serious about renewable energy, why are we still approving projects that destroy forests, cut mountains, and expand coal mining?

Development and environmental conservation are not opposites. We can build solar infrastructure on unused land, along highways, railways, and https://t.co/mZaA0kKYif",3191727288,mr_tripathiii,2026-06-01 14:11:21+00:00,0,0,0,0,https://x.com/i/web/status/2061450534159327741,renewable energy,2026_06_01-14:32:18
2061450312192524588,"Mr. @TheVineetMittal highlights Avaada’s roadmap for the next phase of growth, with plans to add 5 GW of renewable energy capacity in FY27 through investments across Solar, Wind, and Battery Energy storage projects, further accelerating India’s clean energy transition. https://t.co/tKVPq1cVke",3156076202,avaadagroup,2026-06-01 14:10:28+00:00,3,2,2,0,https://x.com/i/web/status/2061450312192524588,renewable energy,2026_06_01-14:32:18
2061449115029168328,"By revolutionizing the battery industry, Elon Musk has made renewable energy storage more efficient and accessible.",2051137912037576705,JBooker9774,2026-06-01 14:05:43+00:00,0,0,0,0,https://x.com/i/web/status/2061449115029168328,renewable energy,2026_06_01-14:32:18
2061455304412520803,"If you are pro life, and see dozens of kids murdered in a school shooting and say “that’s life”, you are not pro life",1144603343613882368,GMoney662,2026-06-01 14:30:19+00:00,0,0,0,0,https://x.com/i/web/status/2061455304412520803,pro-life,2026_06_01-14:32:18
2061455220169662593,"A pro-life writer based in Nashville asks, “Are men the future of the pro-life movement?”

Christopher Kuehl says if men heard 1 million babies were being killed on the Southern border, they would immediately spring into action. But news of 1 million ab*rtions annually brings https://t.co/uXKjf2Uwus",1092871130094813184,EWTNProLife,2026-06-01 14:29:59+00:00,0,0,0,0,https://x.com/i/web/status/2061455220169662593,pro-life,2026_06_01-14:32:18
2061454561081196629,"If you abhorrent abortion, but celebrate the suicide of gay people, you are not pro life.",1144603343613882368,GMoney662,2026-06-01 14:27:21+00:00,0,0,0,0,https://x.com/i/web/status/2061454561081196629,pro-life,2026_06_01-14:32:18
2061454543456797101,"Dos stories pro Feed🌷🇳🇱 Holanda, você foi tudo e muito mais que sempre sonhei!

If I'm dreaming, please don't wake me up. Had one of the most magical days of my life at the most amazing tulip field in the Netherlands. 📍
Please take me backkkkk :( https://t.co/qBjzZwczgR",2040189394850586624,lorraynemavr538,2026-06-01 14:27:17+00:00,0,0,0,0,https://x.com/i/web/status/2061454543456797101,pro-life,2026_06_01-14:32:18
2061453779908927727,"If you find joy in bullying and stoning the LGBTQ community, you are not pro life.",1144603343613882368,GMoney662,2026-06-01 14:24:15+00:00,0,0,0,0,https://x.com/i/web/status/2061453779908927727,pro-life,2026_06_01-14:32:18
2061453413016039828,"‼️Across the UK, many cases have shown how ""buffer zones"" are used to target the peaceful expression, including the silent prayers and thoughts, of pro-life advocates. 

These repeated violations of free speech and thought must come to an end. 

👇
https://t.co/kNExCXyOUa",3219783049,ADFIntl,2026-06-01 14:22:48+00:00,1,0,0,0,https://x.com/i/web/status/2061453413016039828,pro-life,2026_06_01-14:32:18
2061452521760055351,“Im pro life but talking about abortion is so taboo so please don’t post about it” could yall eat a dick and die already omg stfu,301762491,novacococane,2026-06-01 14:19:15+00:00,0,0,0,0,https://x.com/i/web/status/2061452521760055351,pro-life,2026_06_01-14:32:18
2061450158252884475,She took a pro life bumper sticker off a car!👀😳#shorts #christian #life ... https://t.co/tJ1Z99meek via @YouTube,322870912,ricknofzinger,2026-06-01 14:09:52+00:00,0,0,0,0,https://x.com/i/web/status/2061450158252884475,pro-life,2026_06_01-14:32:18
2061449195299488180,Alot of people IDOL WORSHIP SO CALLED celebrities...I actually like 50 and Ye content..Definitely 50's film &amp; shows (For Life being my Favorite) BUT MAKE NO MISTAKE you must watch the women you choose and pro create....ALOT OF WOMEN CARE NOTHING about their offspring. https://t.co/LMJGF3qsrQ,904918323233771520,Context_19,2026-06-01 14:06:02+00:00,0,0,0,1,https://x.com/i/web/status/2061449195299488180,pro-life,2026_06_01-14:32:18
2061448605962043668,"I think the pro-government guys should just be silent in the light of things happening 

Any form of defending the government in terms of insecurity and quality of life makes you sound like a retard.",299078410,Jero_obem,2026-06-01 14:03:42+00:00,0,1,0,0,https://x.com/i/web/status/2061448605962043668,pro-life,2026_06_01-14:32:18
2061446993738973632,"Trump administration’s new rule will affect 200,000 immigrant truck drivers, including asylum seekers, refugees, and DACA recipients, by limiting their ability to renew commercial driver’s licenses.
https://t.co/pxgrgb56Kj",1454487319759654917,LylePhilly4940,2026-06-01 13:57:17+00:00,0,0,0,0,https://x.com/i/web/status/2061446993738973632,DACA,2026_06_01-14:32:18
2061435508689899964,"1. The family deported together, stays together.
2. Why are they all wearing face coverings? Are they afraid of people knowing who they are? 
@thehill
I support #DACA
#DeportAllCriminalAliens!
Family visitation resumes at Delaney Hall after protests, Mikie Sherrill says",1348924357138149376,2016Trapped,2026-06-01 13:11:39+00:00,0,0,0,0,https://x.com/i/web/status/2061435508689899964,DACA,2026_06_01-14:32:18
2061429808446205993,"DACA is turning 14, yet the future of hundreds of thousands of our neighbors has never felt more uncertain. Over 340 DACA recipients were detained in the last year. 

Will you join me in urging Congress to support the Dream Act &amp; deliver citizenship? 👉https://t.co/GeKNT77uaZ",1029118397139824640,UkohaGrace,2026-06-01 12:49:00+00:00,0,0,0,0,https://x.com/i/web/status/2061429808446205993,DACA,2026_06_01-14:32:18
2061425338148880577,I finally get the coolest boss ever at a job i can see myself staying at forever and she gets cancer and DACA has renewal delays that could cause me to be fired 😔💔,741299688,NightCourt93,2026-06-01 12:31:14+00:00,0,0,0,0,https://x.com/i/web/status/2061425338148880577,DACA,2026_06_01-14:32:18
2061316137321890173,"breaking news, urgent now and beyond future! save our education, action now - save our loving Planet, save our loving animal, climate change impact, action now! save our supreme court blue wave Party! @ ceasefire aid now, immigration daca act, etc. https://t.co/XT1xlZ1YfM https://t.co/rRWSVmibAl",1421597985046032386,LoanNgu02041197,2026-06-01 05:17:19+00:00,1,1,0,0,https://x.com/i/web/status/2061316137321890173,DACA,2026_06_01-14:32:18
2061270258866954569,"DACA renewal delays leave thousands of Dreamers without work permits, advocates say

https://t.co/klmlDP6SsF",21322076,ABC7Amarillo,2026-06-01 02:15:00+00:00,0,0,1,1,https://x.com/i/web/status/2061270258866954569,DACA,2026_06_01-14:32:18
2061266268003480043,"👎 DACA delays are getting out of hand! More &amp; more DACA recipients are experiencing renewal delays, and their work permits &amp; protections are lapsing. ✍️ Will you join me &amp; UWDA in sending a letter to call on USCIS to put an end to DACA delays? &gt;https://t.co/M2bHtBtCQ1",2036242475803947008,GodWorks70,2026-06-01 01:59:09+00:00,0,0,0,0,https://x.com/i/web/status/2061266268003480043,DACA,2026_06_01-14:32:18
2061258856592802161,Daca put the clothes on  #BaddiesGoneWildDr,236202354,bigearth44,2026-06-01 01:29:42+00:00,0,0,0,0,https://x.com/i/web/status/2061258856592802161,DACA,2026_06_01-14:32:18
2061246749092774392,"Yall doing all that crying about DACA and that’s what you Hispanics get. Yall voted for trump to try and clear MY PEOPLE, now yall crying. Lmfaooo. The Most High putting yall thru it man and yall deserve it. RACIST. It was him that made yall doom yourselves. That’s a promise. https://t.co/URZ7Vmmlt8",1922420359074349056,EsausOpposition,2026-06-01 00:41:35+00:00,0,0,0,0,https://x.com/i/web/status/2061246749092774392,DACA,2026_06_01-14:32:18
2061207855521554868,"👎 DACA delays are getting out of hand! More &amp; more DACA recipients are experiencing renewal delays, and their work permits &amp; protections are lapsing. ✍️ Will you join me &amp; UWDA in sending a letter to call on USCIS to put an end to DACA delays? &gt;https://t.co/OfTYmU5yXN",443953828,PatriciaLayden,2026-05-31 22:07:02+00:00,0,0,0,0,https://x.com/i/web/status/2061207855521554868,DACA,2026_06_01-14:32:18
